name,link,post_id
Trong Huy Bui,https://facebook.com/profile.php?id=100089526577350&eav=AfZeJBOnHfBHrZUWDMy38L69Uce3A4pN8w7U8vgRr-iZz_ahPb9AXwWYuXC0fa1xung&fref=pb&paipv=0,617018593866682
Long Dinh,https://facebook.com/profile.php?id=100057174918557&eav=AfbxJHHz9i4BmLRCbs6_-RpfvGa2i_xfNdnoeTAE-O35ap03rSuu1VfWziVzDGfYkQo&fref=pb&paipv=0,617018593866682
Subhajit Das Subhajit,https://facebook.com/subhajitdas.subhajit.7?eav=AfYsjXhWFguJxn7HqpbW9G9r9ydOHk-YN4dUVwtlYo71EyMZ2AmwG143VCHTtlgTgoI&fref=pb&paipv=0,617018593866682
Ki·ªÅu Minh Thu,https://facebook.com/profile.php?id=100091823392743&eav=AfYCaDSzCBlDDlagqJns18qem1-fHV8ywCJNSlZ7sTQMSK47b_KWoH8q9ORPYDv6Eis&fref=pb&paipv=0,617018593866682
Anh Khoa La,https://facebook.com/profile.php?id=100090143478442&eav=AfaDiVLHc5sLJ15f31oz7pUvzwkXlJsCU2My4H8FvgOb5fl7QszgmVqjxQqRUljUlu8&fref=pb&paipv=0,617018593866682
L∆∞∆°ng H∆∞∆°ng Th·ªßy,https://facebook.com/profile.php?id=100090568827447&eav=AfbS46l9mS41sLCBpr9ueoXFSVwsbKeYXUP63hEKeu37oHtbJGGb-Gnr6USQcp-p95E&fref=pb&paipv=0,617018593866682
Ch√≠ Ki√™n Mai,https://facebook.com/profile.php?id=100090655373442&eav=AfahYzuAl1-X7V2I1E_kG9DikE9Gn0r4cxopJbaMjPAgnq7HLRMFSSCyAvoSFeALn3U&fref=pb&paipv=0,617018593866682
S·∫ßm Huy Chi·ªÉu,https://facebook.com/profile.php?id=100092279495789&eav=Afa6qdYMsQkaPLrzcI4XpgeHwXiiknOrVzEpQ17iN2KSZMVAGkuLb_c0f9EuKto033s&fref=pb&paipv=0,617018593866682
P√© Th·ªè üê∞,https://facebook.com/meii2700?eav=AfbhFrtLoFsYi5xg-92pNJJa1eCwmPmMaDcy3JX9lTPMxCI6c0QC23OTJVFy38m1j4g&fref=pb&paipv=0,617018593866682
B√≠ch Ng·ªçc,https://facebook.com/profile.php?id=100005772996269&eav=Afbihp_MpUOa45xAp8PjICgYQgORBlyVoM6xqJWyNENIx8u7-c8r7rvI12aHUl1xqfU&fref=pb&paipv=0,617018593866682
Xu√¢n X√ô's,https://facebook.com/profile.php?id=100008440181579&eav=AfYy9Tv4wBClYT9hAI7zbf__htVAfPMW-NS0PWnndrmm7cDoqH5aZWJ63Uz17JdxTu4&fref=pb&paipv=0,617018593866682
